序号,书名,副标题,阅读时间,评星,评语
1,世说新语校笺,,2007/7/9,★★★★★,老J大兄赠书
2, Gesammelte Malte-Studien ,"Zu Rilkes ""Aufzeichnungen des Malte Laurids Brigge""",2007/7/12,,
3,"Materialien zu Rainer Maria Rilke ""Aufzeichnungen des Malte Laurids Brigge"" ",,2007/7/12,★★★★★,
4,德国浪漫主义诗人抒情诗选 ,,2007/7/12,★,
5,荷尔德林诗选,,2007/7/12,★,顾正祥译侯德龄，正误不论，其僵化的惯用语和成语，完全戕害了诗歌 
6,荷尔德林文集,,2007/7/12,★★★★,但是，一句“云栈轻横”（Auf leichtgebaueten Brüken）便已成了寂寞高手 
7,塔楼之诗,,2007/7/12,★★★,
8,易卜生-艺术家之路 ,,2007/8/1,★,
9,流亡与栖居-星座学术文丛,,2007/8/10,★★★★★,当时，第一次读到朱大可，惊艳。昨夜，偷到是书DJVU电子版，志念。至今，大可的《流氓的盛宴》仍无法超越刊于此书的《流氓的生命周期》，叹。 
10,豪猪的诗篇,,2007/8/28,★★★,
11,大明宫词,,2007/9/9,★★★★,
12,建筑图像词典,,2007/9/10,★★★★,
13,贺昌群文集（第一卷）,,2007/9/11,★★★★★,
14,贺昌群文集.第2卷，学术专著 ,,2007/9/11,★★★★★,
15,贺昌群文集.第3卷 文论及其它 ,,2007/9/11,★★★★★,
16,"""Im Manuskript an den Rand geschrieben""",Spiegelschrift und Marginalit?t in Rainer Maria Rilkes Die Aufzeichungen des Malte Laudris Brigge,2007/9/19,★★★,"""Im Manuskript an den Rand geschrieben""就是里尔克在Aufzeichungen里多次出现的脚注。本书以psychoanalytische Theorie肢解里尔克，言必称Freud、Lacan，多少有些胶柱鼓瑟。但书里有Dasha曾久寻无果的里尔克在书中所描述的Hieronymus Bosch的作品、面模L'inconnue de la Seine（塞纳河无名少女）等图文资料，对Dasha理解里尔克这部“手记”中的细节、背景……助益巨大。 "
17,欧洲中世纪音乐,,2007/10/3,★★★★,当当。专业、严谨的好译本，尽管某些术语尚有商榷，尽管印刷错误极多。尤其在当下，难能可贵的是为了其中内容去请教神父。2CD的内容超值。Jeremy Yudkin（书中错印为Jemery）则更让人叹服。原书《Music in Medieval Europe》，见：http://www.amazon.com/Music-Medieval-Europe-Jeremy-Yudkin/dp/0136081924/ 
18,苏鲁支语录,,2007/10/6,★★★★,
19,威尼斯逸事 ,,2007/10/7,★,BOL。唉，好好一本书 
20,魂断威尼斯,,2007/10/7,★★★★,
21,"威尼斯,120个总督四万个水手 ",,2007/10/7,★★★,
22,威尼斯幻想还有五分钟,,2007/10/7,★★★,
23,浪漫水都威尼斯,,2007/10/7,★★,
24,威尼斯,,2007/10/7,★,
25,世界名城之旅 ,,2007/10/7,★★★,
26,流拥耐尼斯色彩,,2007/10/7,★★★,
27,世界旅游指南 威尼斯 ,,2007/10/7,★,
28,世界文化遗产,,2007/10/8,★★★★,
29,德国文学史（第2卷）,,2007/10/8,★,卓越。本五卷本《德国文学史》的主编，可惜，范的知识结构似乎不能胜任。此外，一段文学史似乎成了“歌德评传”，犹可谓臧否失据。 
30,德国文学史（第1卷）,,2007/10/8,★★★★,卓越。安书祉的汉语不甚高明，但对德语的理解绝对是一流的，无论是当初为“Nibelungenlied”正名还是本书对人名中的“von”辨析、对“Meistersinger”的考据。总之，读安书祉的书，能够安心在书中得到福祉：学到好东西。 
31,德语文学汉译史考辨,,2007/10/8,★★★★,卓越。
32,中德文学研究,,2007/10/8,★★★★★,
33,中德文学关系研究文集,,2007/10/8,★★★★,
34,文艺复兴在威尼斯,,2007/10/10,★★★,
35,The Unknown Rilke ,,2007/10/20,★★★★,"No German poet has been better, more devotedly served by an English poet and translator "
36,Poems and Fragments ,,2007/10/20,,
37,Selected Poems ,,2007/10/20,★★★★,David Constantine明显比Michael Hamburger译笔精准流畅，更能模写荷氏音韵（惜最后一首译为散文体）；David Constantine亦明显比Michael Hamburger谦逊知礼；唯憾此版本无德文对照，不便研习。 
38,Poems of Friedrich H?lderlin ,,2007/10/20,,
39,Hymns and Fragments ,,2007/10/20,,
40,"Werke, Tübinger Ausgabe, Lichtzwang ",,2007/10/20,,
41,The Notebook of Malte Laurids Brigge ,,2007/10/20,★★★,英译第一种，流畅而多有发挥。第二版：http://www.amazon.co.uk/dp/0192818511，添加的Stephen Spender的Introduction。 
42,マルテ?ラウリス?ブリッゲの手 ,,2007/10/20,★★★,对前辈译文有所超越。但“ヨブ”却用“}f会の口ZU本”，傻很不理解：“}f会系}はプロテスタントT教派がY集して翻U事Iを行ってきたものであり、明治元U、大正改Uなどはそれらの教会で礼の訾摔庥盲い椁欷皮た”。 
43,The Notebooks of Malte Laurids Brigge ,,2007/10/20,★★★★,英译第二种，译文颇似“金山词霸”，比对德语原文来阅读颇有裨益 
44,The Notebooks of Malte Laurids Brigge ,,2007/10/20,★★,英译第三种，自称参考过Betz法译本并前二家英译本：以一己之R陋，穿凿前人意旨，自炫犹可，为害尤烈。 
45,マルテの手 ,,2007/10/20,★★★,似在日本流传最广，行文典雅，讹误不少。2009年5月27日，Dasha勘验比对所搜集的8种“日本ZU”足本（http://www.douban.com/photos/album/14064055/），不由叹息，大山译本最早，却也是最好的。难怪再版次数最多。
46,Die Aufzeichnungen des Malte Laurids Brigge. Leipzig 1910 ,,2007/10/20,★★★★★,以1910初版制版 
47,Paare. Passanten ,,2007/10/20,★★★★,
48,Die Fehler des Kopisten.,,2007/10/20,★★★★,
49,Wohnen D?mmern Lügen ,,2007/10/20,★★★★,
50,Selected Poems and Fragments ,Poets in Translation,2007/10/20,★★★,"原书马上就要“花谢花飞飞满天”了（翻译错误、印刷错误也是“花谢花飞飞满天”的――例P196: ""Das mir die g?ttlicjgebaute""），扫描到电脑里以拯救：最有价值的是前言第7页。 "
51,Icewind Dale Trilogy Gift Set (Forgotten Realms ,,2007/10/21,★★★,“Gift Set ”不是好Gift，文字有删节 
52,Les Cahiers de Malte Laurids Brigge ,,2007/10/22,★★★,身为法国人，优势天然。且译本的一些章节与里尔克本人交流过，可信度颇高。但是，就像J.B. Leishman翻译的“Sonnets to Orpheus”，同样也与里尔克本人交流过，其英译本却并非最善，对Betz此译本宜当慎重。比如，第一句就与原文迥异。 
53,天一言,,2007/10/27,★★★,感谢大兄赠书。程先生的汉语应该美丽的
54,蒙古帝国史,,2007/10/28,★★★★★,五交化。五颗星给龚钺 
55,万有之东,,2007/10/30,★★★★,卓越
56,德语诗歌名家名作选读 ,,2007/11/1,★★★★,卓越
57,琉璃宫史（全三卷）,,2007/11/2,★★★★★,五交化。绝对好译，不由让Dasha想起龚钺译《蒙古帝国史》。 
58,哲学的误区,,2007/11/12,,
59,尼采的“查拉图斯特拉” ,,2007/11/24,★★,卓越。戴晖姐姐似乎更适合做一个诗人：既是中文书写，就应参考徐梵澄、楚图南等前辈的译本以资交流；“新约罗马书信”，汉译不该这么译，无论和合本还是思高本，都不这么称呼；“小神库皮朵（CUPIDO）【P72】”，Duden大词典的释文是“(r?m. Myth.): Liebesgott.”，就是我们熟知的“爱神丘比特”――那是爱神之箭偏了它的方向：于神学、古希腊罗马神话的疏离只会使人文领域的研究偏离其文化背景而变得不知所云。此次，戴晖的文字，傻眼中，诗性之外，只有遗憾。 
60,欧洲中世纪史 ,,2007/11/24,★★★,卓越。虽二人合译，但可以看出二人的认真；但从Council、Simon the Magician、Vulgate Bible……译名来看，二人相关背景知识的储备还不足够。 
61,欧洲中世纪简史,,2007/11/24,★★★,作为入门教材，尚可；列出大量网络资源，时髦；此外，Dasha想看的疯王查理六世、勃艮第公爵“蛮勇者查理”（大胆查理）都被一笔带过，“蜘蛛王”路易十一，终于算有专门标题，但也没有几句话。 
62,犬百科全书 ,,2007/11/27,★★★★★,宠物市场
63,黄节诗学诗律讲义,,2007/12/2,★★★★,《诗学》之论，极有条理；《蒹葭楼诗》，意外收获。感谢宋兄闻兵及时下载电子书相赠。
64,里尔克诗选,,2007/12/5,★,卓越 
65,诗经动物释诂,,2007/12/5,★★★★★,淘宝。高明乾，佟玉华，刘坤著 
66,骑士,,2007/12/5,★★★★,
67,魔法的历史,,2007/12/7,★★★★★,译本为好译本，原作却是一般的应景之作。
68,葬我于雪,,2007/12/13,★★★★★,“洛夫”这个败家的笔名，各种、各处检索，分外吃力，不是“巴甫洛夫”就是“冈察洛夫”“克雷洛夫”“季米特洛夫”，大海茫茫。将读秀那厢移过来一个，以为记忆。莫氏诗歌，匠心过重，但放眼华语，其右者亦罕。 
69,千年俄罗斯 ,10至20世纪的艺术生活与风情习俗,2007/12/13,★,卓越。再次不幸印证了Dasha的话，仅通外语是不够的。Dasha不该花这大脑袋钱啊。 
70,英汉建筑图解词典 ,,2007/12/16,★★★,卓越。惜图片黑白 
71,拜集 ,,2007/12/17,★★★★,感谢劭农兄惠赠 
72,Rilke à paris ,,2007/12/23,★★★★★,
73,抒情威尼斯,,2008/1/17,,
74,漫游者的超越 ,里尔克的心灵史,2008/1/25,★,北发图书网。既然有能力“根据德文原诗进行（了）逐字逐句的校对”，为什么偏偏又要“翻译这些诗，我参考（了）几种英文译本”？既然说“里尔克的中文译诗中，涉及基督信仰的诗作不多，即或有，也由于译者本身不谙基督真理或有发生误解之处……”却又发生“kommt in dir zur Welt”曲解成“das Wort ward Fleisch”（道成肉身）之类的事件？ 
75,世说新语会评,,2008/1/25,★★★★★,北发图书网。
76,西方染织纹样史,,2008/1/26,★,四川一家专卖纺织类的在线书店 
77,文化服装讲座,,2008/1/28,★★★★,卓越。术语有些疑问。 
78,刺绣艺术设计教程 ,,2008/1/28,★★★★★,卓越。P71-74，花边，言简意赅，有英文术语。
79,中世纪骑士制度探究,,2008/2/2,★★,卓越
80,"Untersuchungen zu Rainer Maria Rilkes ""Die Aufzeichnungen des Malte Laurids Brigge"" ",,2008/2/20,★★★★★,这本图文并茂的书，不读，真不知如何读通“Die Aufzeichnungen des Malte Laurids Brigge” 
81,Rainer Maria Rilke und Francis Jammes ,"Eine Studie zu Symbolismus, Thematik und Sprache ihrer Dichtung (European university studies. Series XVIII, Comparative literature)
",2008/2/20,★★★★★,
82,Die Aufzeicbnungen Des Malte Laurids Brigge Von Rainer Maria Rilke ," Identitatsrelevante Grundlegung Der Todesthematik Aus Wirkungsasthetischer Perspek ... Reihe I, Deutsche Sprache Un)
",2008/2/26,★★★,对1-9、18章做了“Wort für Wort”（逐字）的美学分析，对Dasha这样母语非德语的阅读者应该有些助益。 
83,世界名诗选译,,2008/2/28,★★★★,皇冠民国58年版《现代名诗选译》无书号，豆瓣无法添加条目 
84,文学之旅,,2008/2/28,★★★★,给4星，因为感觉“诗翁”颖洲尚存一丝媚骨 
85,世界诗选,,2008/2/28,★★★★,
86,中英对照读唐诗宋词,,2008/2/28,★★★★★,劭农兄代购 
87,建筑风格学-欧洲建筑艺术经典-从古典到当代 ,,2008/3/7,★★★★★,卓越
88,社会学的三种经典研究模式概论,,2008/3/8,★,卓越
89,罗念生全集：补卷：埃斯库罗斯悲剧三种、索福克勒斯悲剧一种、古希腊碑铭体诗歌选,,2008/3/8,★,卓越。将“沉樱”错印成“沈樱”等错误，看来编辑、校对并不了解罗念生写的是什么；反观全集，基本每页都更有文字、标点脱漏的情况；而再看罗念生本人的文字，傻以为那不是汉语，读他的文字，是一种伤害。 
90,高级英汉百科图解词典 ,,2008/3/13,★★★★,
91,简明基督教百科全书,,2008/3/13,★★★,
92,母亲，我的千思百虑,16位大诗人和他们的母亲,2008/3/17,★,原书就不咋地，浮泛空疏，不过是励志言情类畅销书。译者选择此书，评判标准就有失身份，而译文又不堪卒读，可以说，更不咋地。幸亏是只偷了电子书大致翻看而不是购买纸本。 
93,建筑与装饰,,2008/3/18,★★★★,http://www.amazon.com/exec/obidos/ASIN/0830633529 
94,彩画集 ,,2008/3/19,,
95,历史上的书籍与科学,,2008/3/24,,
96,秋天奏鸣曲,格奥尔格・特拉克尔诗集,2008/3/29,★,孔夫子“童家坞书店”：36.00 
97,特拉克尔诗集,,2008/3/29,,
98,Dichtungen und Briefe ,,2008/3/29,,
99,香港文学书目,,2008/3/30,,
100,殷墟甲骨卜辞语序研究,大陆地区博士论文丛刊,2008/4/2,★★★★★,沈培
101,Die Aufzeichnungen des Malte Laurids Brigge ,Klassiker der deutschen Literatur,2008/4/3,,淘宝。Dieter Schiller有篇论述“Der Einsame und seine Welt”收在此书中 
102,中世纪作家和作品,中古英语文学及其背景,2008/4/3,★★,卓越
103,与乌托邦赛跑,格拉斯演讲与随笔选,2008/4/3,,林笳老师赠书，陈巍
104,希特勒万岁，猪死了！,政治笑话与第三帝国兴亡史,2008/4/3,,林笳老师赠书 
105,西欧中世纪骑士的生活,,2008/4/3,,www.sinoshu.com 
106,论亚里斯多德《创作学》,,2008/4/8,★★★★★,老J大兄赠书
107,德语简史,,2008/4/9,★★★,当当
108,巫术的兴衰,,2008/4/9,,
109,狂欢史,域外俗文化译丛,2008/4/9,,
110,The Riverside Shakespeare ,,2008/4/9,,梁实秋版参照此书 
111,文明的关键词,,2008/4/9,★★★★★,
112,佛教文化的关键词,汉传佛教常用词语解析,2008/4/9,,
113,翻译研究关键词,,2008/4/9,,
114,西方文论关键词,,2008/4/9,,
115,关键词200 ,文学与批评研究的通用词汇编,2008/4/9,★★★★,
116,德语介词固定搭配用法词典,"Deutsch-Chinesisches Valenzlexikon: Verben, Substantive und Adjektive mit festen Pr?positionen",2008/4/13,★★★★★,卓越66.6买到后涨到71.9 
117,德语史概述,Grundriss der Deutschen Sprachgeschichte,2008/4/13,★,D1便利网 
118,一个被扣留的传教士的自述 ,,2008/4/14,,译者自言“有删节” 
119,河湖传说,,2008/4/14,,
120,汉语亲属称谓研究 ,,2008/4/16,★★★★★,D1便利网 
121,传播学关键术语释读,,2008/4/16,,D1便利网 
122,巴黎,,2008/4/18,★★★★,China-Pub（加快递费共14元）。最后一章写的是朱德群和程抱一 
123,简明德汉惯用语词典,,2008/4/20,★★★,卓越
124,古英语与中古英语文学通论,,2008/4/20,★,卓越
125,破解天使与魔鬼,,2008/4/20,★★★★,4星给原版的参考书目。与翻译无关 
126,天使与魔鬼,,2008/4/20,★,
127,历代英王生平 ,,2008/4/20,★★★★,
128,圣经汉译文化研究,,2008/4/20,★,当当
129,中国翻译通史（全五卷）,,2008/4/21,★,2008年4月20日，窃得PDG，以为纪念。不过，这也是一本大而无当挂一漏万的书。不如当年的《中国翻译简史》或《中国翻译史》（上）。 
130,语言的文化史,近代早期欧洲的语言和共同体,2008/4/21,★★★,当当
131,寂静之音 ,汉语诗歌的音乐形式及其历史变迁,2008/4/21,★,貌似写作者并不晓声 
132,训诂得义论,,2008/4/23,★★★★,
133,星轺指掌,,2008/4/23,★★★★★,D1便利网
134,英语诗歌形式导论,,2008/4/24,★,卓越
135,德语搭配大词典,,2008/4/25,★★★★★,感谢劭农兄惠赠。比大陆目前收词量最大、解释最详细的上海译文版《新德汉词典》还要详细。 
136,P於上帝的故事,里克o童心未泯的人,2008/4/25,★★,蒙劭农兄惠赠 
137,基督教圣经与神学词典,,2008/4/27,★,
138,基础德语语法整理,,2008/4/27,★★★★,
139,基础法语语法整理,,2008/4/27,★★★,
140,日语基础语法整理,,2008/4/27,★★★★★,
141,哥本哈根与丹麦 ,Guide & map; 4,2008/4/27,★★★,IRIS水`の皇冠_吃版籍&］Ｙu店 
142,巴黎,Guide & map; 6,2008/4/27,★★★,IRIS水`の皇冠_吃版籍&］Ｙu店 
143,マルテの手 ,,2008/4/28,★,S天市 
144,肥,日本合轵X　５,2008/4/28,★★★★★,此《肥阳军记》，并非从日语翻译成日语的现代本，乃近藤瓶城《史籍集览》一种。“古书”豆瓣目前无法入库，以此替代，以志谢。 
145,唐诗三百首,,2008/4/28,★★★★★,
146,巴黎的nd,,2008/4/28,★★★★,感谢老J大兄赠书
147,y章学辞典,,2008/4/28,★★★★★,
148,里尔克法文诗,汉法对照,2008/4/30,★★★★★,2011年10月，以法语为底本、参考德、英译本加以逐字校读。法语有些许误植，汉语有少量误译。最后，击键长叹，此译本乃迄今里尔克汉译本中错译最少者，不枉Dasha友之一回。 
149,兰波彩图集 ,手迹注释本,2008/4/30,★★★★★,何家炜 
150,德国散文精选,,2008/5/1,,
151,二十世纪德语作家散文精华,四季译丛,2008/5/1,,
152,马尔泰手记, 廿世纪最伟大小说之一,2008/5/2,★,老J大兄劬劳影印 
153,我永远年轻 ,唐文标纪念集,2008/5/2,★★★★,
154,上古汉语称谓研究,,2008/5/4,★★★★★,卓越。虽有讹误脱缺，于今之时，亦可谓难得学问。 
155,英诗及诗学文选,,2008/5/4,★★★,卓越。可有可无的中国人的英文资料摘编 
156,中国皇帝制度 ,,2008/5/4,★★★★★,此类书中迄今最善者 
157,法m西x,,2008/5/5,★★★★,www.anandingding.com 
158,里尔克书信集,桂冠世界文学名著146,2008/5/5,★,www.anandingding.com 
159,莎士比亚与圣经（上下）,,2008/5/10,★★★,
160,红楼梦在法兰西的命运,,2008/6/10,★★★,
161,巴黎街道D ,,2008/6/19,,www.anandingding.com：20080619收到：只是一张地图，汉语并不详备，如果有法语城市图的，没有必要购买 
162,特拉克／佩索,W洲典x,2008/6/19,★,www.anandingding.com：20080619收到 
163,里克／R查多,,2008/6/19,★,www.anandingding.com：20080619收到 
164,丹史,航向新世o的童王,2008/6/19,★★★★,www.anandingding.com：20080619收到 
165,死了纱蔚哪腥,,2008/6/27,★★,www.anandingding.com：20080619收到：根据译文中的“Cato of Utica”推断，转译自英译本。 
166,德语难点解读-语法和词汇,,2008/6/27,★★★★★,干货不少，不过，练习题也不少。如果有这样一本细致而全面的纯语法书就好了 
167,理斯多德《作W》g疏,,2008/7/3,★★★★★,www.anandingding.com：20080619收到 
168,Rainer Maria Rilke's Book of Hours ,A Complete New Translation with Commentary (Studies in German Literature Linguistics and Culture),2008/7/4,★,邯郸学步
169,Books and the Sciences in History ,,2008/7/4,★★★★★,只可惜插图是黑白的，汉译本：http://www.douban.com/subject/1799789/
170,最后一个猎鹰人,,2008/7/5,,
171,民族主义思想与殖民地世界 , 一种衍生的话语？,2008/7/10,★★★★,杨曦。偷了JPG。纸本签名还没有给Dasha邮来:-( 
172,记忆的红皮书,,2008/7/16,★★★,卓越。大可终于也变成了不断重复自我的聒噪者。真像小峰所说，这碌氖写得贼鸡巴次。
173,世说新语（全二册）,,2008/7/23,★★★★,感谢宋闻兵兄提供信息：马瑞志（Richard B. Mather ）的英译本。卓越：94.60 
174,天堂简史,,2008/7/24,★★★★,“但凡能够找到现成的汉语权威译本的，译者都忠实照抄下来”：但丁的《神曲》原著引用的是郎费罗英译本，译者是自译。嘿嘿，恐怕不是因为汉语没有据郎费罗译本的原因吧 
175,}人c罪人 教宗的故事,,2008/7/24,★,
176,英诗汉译学,,2008/7/31,★,卓越。自负与无知。 
177,欧洲贵族,,2008/7/31,★,卓越
178,夜颂中的革命和宗教 ,诺瓦利斯选集卷一,2008/8/3,★★,卓越
179,"Duden, Grammatik Der Deutschen Gegenwartssprache ",4 - Die Grammatik (Duden),2008/8/3,★★★★★,ed2k://|file|Duden%20Grammatik%20Neuauflage.pdf|65300089|F8DA422EC174D2760092578799D43513|h=MTGVNFTU26DEE5XHBXOGB3LF3ZHASJGV
180,大革命与诗化小说 ,诺瓦利斯选集卷二,2008/8/3,★★★★★,卓越
181,鲜花的废墟,安达卢斯纪行,2008/8/7,,嗦的标题，“花墟”不就完了。 
182,意法德英歌唱语音指南 ,,2008/8/7,,
183,德语正确发音与德奥艺术歌曲演唱欣赏教程 ,,2008/8/7,★★★,
184,伊戈尔出征记 ,,2008/8/9,★★★★★,从语言运用到翻译态度，值得Dasha学习的地方甚多。重读感慨。 
185,Sternstunden Der Menschheit , Vierzehn historische Miniaturen,2008/8/14,,eMule 
186,潮流BIBLE:星相 ,星相,2008/8/14,,
187,文艺复兴时期的人,,2008/8/18,★★★,
188,The Best of Rilke ,"72 Form-True Verse Translations with Facing Originals, Commentary, and Compact Biography",2008/8/26,★★★★★,音韵的模拟很成功，但却因此伤害了文意。阅读、欣赏，因而喜欢里尔克，可以；学习，研究，读到的只是Walter Arndt，可叹。翻译之两难也哉。 
189,俄罗斯勇士 ,俄罗斯的民间传说,2008/8/28,★★★,感谢子不赠送电子版 
190,俄罗斯美术十六讲,,2008/8/29,★,应了陈丹青的书名了？ 
191,俄罗斯民俗文化知识辞典,,2008/8/29,★★★★★,
192,俄罗斯苏联美术史,,2008/8/29,★★★,
193,西方美术史,,2008/8/29,★★★,
194,俄罗斯美术史话,―中国文库,2008/8/29,★★★,
195,世f新Z校{,,2008/8/30,★★★★★,
196,《世说新语校笺》论文集 ,,2008/8/30,★★★★★,http://www.cadal.zju.edu.cn/Reader.action?bookNo=21013146 
197,世说新语辞典,,2008/8/30,★★★★★,
198,世说新语词典,,2008/8/30,★★★★★,
199,世说新语考释,,2008/8/30,★★★★,
200,世说新语汇校集注,,2008/8/30,,
201,世说新语,副标题: 六朝的清谈,2008/8/30,★★★★★,
202,冠冕堂皇,,2008/9/1,★★★,奶奶的。CX只有151页，几大网络书店都断货。好在我们还有淘宝、孔夫子。不过，下订单后，却也窃得260页足本JPG，果不其然，不过是迎合时尚的粗浅快餐。不过，也当作一种学习吧 
203,舞步翩跹,,2008/9/1,★★★,
204,足下生辉,,2008/9/1,★★★,
205,家具史,,2008/9/2,★★★,果没有汉语的边注，没有最后的术语对照，此书毫无意义――www.archive.org至少有272中Furinture，且包含德语的 
206,上海古籍出版社五十年图书总目,,2008/9/2,★★★★★,
207,汉籍外译史 ,中华翻译研究丛书,2008/9/3,★★★★,
208,电影这个江湖,,2008/9/3,,
209,中国古代文化会要（上下）,,2008/9/3,,叶持跃
210,一个外国传教士眼中的长征,,2008/9/3,,
211,图像学,12世纪到18世纪的宗教艺术,2008/9/5,★,先不说Dasha最鄙视转译他种文字。单单iconology译成“图像学”，就说明中国美院太失败。iconology是关于“圣像画”的学问。 
212,1901-1920年中国基督教调查资料（上下卷）,,2008/9/9,,中华归主
213,杨勇学术论文集 ,,2008/9/11,★★★★★,
214,Kleine Kostümkunde ,,2008/9/12,★★★★,Vollst?ndige Ansicht im Google Buchsuche 
215,Ukrainian Minstrels ,And the Blind Shall Sing (Folklores and Folk Cultures of Eastern Europe),2008/9/14,★★★★★,"Кобзар Остап Вересай: Ostap Veresai, the ""Last"" Minstrel (P. 36-39)"
216,The Oxford Illustrated History of the Crusades ,,2008/9/14,★★,
217,Reclams Mode- und Kostümlexikon ,,2008/9/16,,
218,The Complete Costume History (25th) ,,2008/9/16,,
219,Bekleidungs-Worterbuch ,"Deutsch, Englisch, Franzosisch, Italienisch, Spanisch = Dictionary of garment terminology : English, German, French, Italian, Spanish
",2008/9/16,,Vollst?ndige Ansicht im Google Buchsuche 
220,Die Ritter ,Geschichte und Kultur,2008/9/17,★★★★★,精彩，犹不解渴。
221, Literatur und Medizin ,,2008/9/18,★★★★★,准备再买本纸质的 
222,仙童英汉双解服饰词典,,2008/9/20,★,Dasha真的是一个词条一个词条读的，到处是“皮革上缝有成排的金属环而成的古代盔甲”（傻按：解释“chain mail”；“盔”是戴着脑袋上的）。真的后悔当初买了纸本 
223,仙童英汉双解纺织词典,,2008/9/20,★,
224,Buried Alive ,The Terrifying History of Our Most Primal Fear,2008/9/21,★★★★,
225,A Dictionary of Costume and Fashion ,Historic and Modern,2008/9/23,★★★★,
226,中国古代文化语词类谭,,2008/9/23,★★★,于郝懿行《尔雅义疏》并无增益；名曰“古代”，实为“先秦”；“礼俗名物”，范围甚广，既未能致广涵，又未尽详细。惟愿作者继续沉潜。 
227,Musical Ekphrasis In Rilke's Marien-Leben , Internationale Forschungen Zur Allgemeinen & Vergleichenden Literaturwissenschaft,2008/10/8,★★★★,
228,wie ein dunkler sprung durch eine helle tasse ,"Rainer Maria Rilkes Poetik des Blinden. Eine ukrainische Spur
",2008/10/8,★★★★,
229,Etymologisches W?rterbuch der deutschen Sprache ,,2008/10/8,★★★★★,下载了CDROM版，大致查了一下，一是程序太老旧，而是感觉不如Duden的Das Herkunftsw?rterbuch。1905年版下载：http://books.google.com/books?id=wHcKAAAAIAAJ 
230,Boudica,The British Revolt Against Rome AD 60 (The Roman Conquest of Britain),2008/10/10,★★★,
231,Biblisches und Emblematisches W?rterbuch ,,2008/10/21,,1772年版的影印本，Fraktur字体:-( 
232,Lexikon zur Bibel ,"Mehr als 6000 Stichworte zu Personen, Geschichte, Arch?ologie und Geographie der Bibel",2008/10/21,,
233,Herztransplantation als erz?hlte Erfahrung ,,2008/10/21,★★★★★,
234,A Thousand Years of the Bible ,,2008/10/22,,http://www.archive.org/details/thousandyearsofb00jpau 
235,华英字典（6卷） ,马礼逊文集,2008/10/22,★★★★★,http://www.douban.com/note/2025670/ 
236,Weapon,A Visual History of Arms and Armor,2008/10/26,,
237,最新英汉美术名词与技法辞典 ,The HarperCollins Dictionary Art Terms & Techniques,2008/10/26,★,卓越：塑封打开后，封面端庄、扉页却有一道深深的划痕――跟一位黑道蒙面老大似的――与旧版相比，除了价格的数值增大，就是错误的数值增大 
238,挪威.瑞典.芬兰.丹麦地图册 ,,2008/10/26,★★★★★,卓越。中国地图出版社终于进步了，希望修订其《法国地图册》，也渴望看到“捷克”…… 
239,工作与时日 神谱 ,原作名: ?ργα και Ημ?ραι. Θεογον?α,2008/10/27,★,卓越；2X 
240,Dungeons & Dragons Player's Handbook ,"Roleplaying Game Core Rules, 4th Edition
",2008/10/28,,
241,Dungeon Master's Guide ,"A 4th Edition Core Rulebook (D&d Core Rulebook) (Dungeons & Dragons)
",2008/10/28,,
242,Dungeons & Dragons Monster Manual ,"Roleplaying Game Core Rules, 4th Edition
",2008/10/28,,
243,意大利地图册 ,,2008/10/30,★★★★★,卓越
244,Poetiken,"Poetologische Lyrik, Poetic Und Asthetik Von Novalis Bis Rilke",2008/11/3,★★★★,http://www.avaxhome.ws/ebooks/Poetry/Poetiken_Poetologische_Lyrik_Poetik_Asthetik.html 
245,文学史的权力,,2008/11/5,★★★,思路有，但是思维…… 
246,视觉形式的生命,,2008/11/5,★★,依赖英译本研究德国美术（美学），实在隔得很。想知道朱青生他们为什么不写作…… 
247,赫拉克利特著作残篇 ,,2008/11/6,★,卓越。译者足够谦虚地自称“没有足够的古希腊语言知识和古典哲学研究的学术准备”，糟糕的是译者的英语似乎也不很过硬却又有足够的勇气，比如书中第102页（即“人不能两次踏入同一河流”句），英语将“κα?”译作“thanks to”（不错），译者却汉译成了“感谢”。据Dasha见过的英、德语译本，T. M. Robinson先生的并非特出。所以可以说这本书是：残篇+残英译+残英译的残汉译，Dasha已经“脑残”了 
248,汉语书面用语初编 ,,2008/11/10,★★★,
249,里尔克散文 ,,2008/11/12,★,卓越：基本是2000年中国广播电视出版社《上帝的故事》的翻版：将梁宗岱译“罗丹”改成张黎译本，剔除魏育青选译《布里格手记》，添加史行果译文许多（《永不枯竭的话题》部分，外加里尔克与Lou Andreas-Salome通信选译）。好奇叶廷芳在选编的时候是否校勘德语原文。 
250,王S《人g~》《人g~》手稿 ,,2008/11/12,★★★★★,卓越
251,卡尔・马克思历史学笔记 ,,2008/11/14,★★,淘宝：书加邮费共60元。奶奶呀，本来买纸本是当工具书查人名地名专名，这么一个16开四卷合订本，力气活啊：手中电子版是红旗出版社1992年4卷本超星PDG(10305979-10305982)，超星那时还买椟还珠，前言、后记不予收录。“朗朗书房”此版，译者前言中，恩格斯所加的标题“Chronologische Auszüge”错拼成“Chronologiche Auszüge”。编译局当年英明地否决了季羡林的译作，似乎，这本书的译校者也应在否决之列：译名不规范，语句犹有讹误。 
252,世界外交大辞典（上下） ,,2008/11/14,★★★★,译名只有以此为准了。至少，这里的译名是其本国认可的。比如Sarkozy在当选之前，新华社一直译作“萨尔科齐”，而Sarkozy当选后，据新华社称，法国发来照会，要求汉语译作“萨科齐”。 
253,"彝巫列传:禹步,巫步,步虚声,巫歌声","禹步,巫步,步虚声,巫歌声",2008/11/20,★★,20081119，中国图书网。文字错讹极多，记述混乱前后抵牾，传记亦属徒有其名。 
254,充满幻觉的轻浮时代,巴黎日记(1919.7.14-1929.10.30),2008/11/20,★★★★,"20081119,中国图书网：当今的翻译，这样就算是上好的了。法语人名的“de”没有按照法语人名惯例与姓连读而是单独译成了“德”；Gabriele d'Annunzio（通译“邓南遮”）被译成“达农齐奥” "
255,Marilyn Monroe and the Camera ,,2008/11/23,★★★★★,
256,诗经植物释诂,,2008/12/2,★★★★★,孔夫子“奇刊斋”20081202，要价5元：另加两本垃圾书，并邮费合计22元，再加建行异地存款2元，共计24元 
257,Rodrigo - Concierto De Aranjuez ,Guitar Play-Along 2-CD Set,2008/12/5,★★★★★,
258,卡图卢斯《歌集》拉中对照译注本,,2008/12/9,★★★★,卓越
259,"Das Erlebnis und die Dichtung. Lessing, Goethe, Novalis, H?lderlin.",,2008/12/14,,http://ia311229.us.archive.org/3/items/daserlebnisunddi00diltuoft 
260,德语常用小品词,Deutsche Partikeln unter der Lupe,2008/12/17,★★★,卓越：像是一篇论文的扩充，对刘芳本、黄海津并无超越，冗长的例句有凑字数的嫌疑，译文有欠准确，德文中的德语书名号被印刷反写的中文书名号，十分刺眼。
261,Angels A to Z ,,2008/12/25,★★★,
262,A Linguistic Guide to English Poetry ,,2008/12/29,★★★★★,是书证明Dasha的以音符理解西洋诗歌的“格”、以节拍理解“音步”（http://blog.163.com/gossudar@126/blog/static/200942512008112522328415/），道不孤也。国内有此书翻版：http://www.douban.com/subject/1111299/ 
263,“荒原”之风 ,,2008/12/31,★★★,
264,西方音乐史 ,,2009/1/2,★★★,P.5：长音节(一)是短音节(U)的两倍，它等于两个短音。把这些长短音节组合起来，就得到不同的基本节奏或音步，它相当于我们现在“小节”里的“拍子”：抑扬格(U一)，扬抑格(一U)，三抑格(UUU)，扬抑抑格(一UU)，抑抑扬格(UU一)，扬扬格(一一)等等。把几个音步结合在一起就形成了格律，就如我们的“小节”是由“节拍”所组成的一样。【傻按：三星给译文质量。 
265,现代汉语节奏研究 ,,2009/1/3,★★,何不先修习音乐再讨论节奏；何不先修习夷语再谈论夷语 
266,古本山海经图说（上下）,增订珍藏本,2009/1/5,★★★★★,从01年山东画报出版的第一版追到此版，唯有赞美。当然，最想一睹的是她的7卷本《全像山海经图比较》（http://www.douban.com/subject/1590776） 
267,The Notebooks of Malte Laurids Brigge ,,2009/1/13,★★★★,www.amzease.com。译者Burton Pike，此译本应该是迄今最好的英译本。 
268,德国文学史（第4卷）,,2009/1/15,★,卓越
269,德国文学史（第5卷）,,2009/1/15,★★,卓越。李昌珂看过他译法律方面的东西，又整上文学史了。基本是摘抄。 
270,德国文学史（第3卷）,,2009/1/20,★★★,博库。一直以为“Huiru Liu”是“刘慧茹”来着，很是汗颜。“Ode”和“Hymne”，哪一个是“颂”，哪一个是“赞”，还有待厘清。 
271,文学理论入门与实践 ,,2009/1/21,★,博库
272,德语词组词典,,2009/1/29,★★,卓越
273,A Dictionary of Official Titles in Imperial China ,,2009/1/30,★★★★,
274,Hieronymus Bosch ,Bosch,2009/2/9,★★★★★,www.amzease.com：从此不再奇Salvador Dali 
275,新编德语语法 ,,2009/2/14,★★★,卓越。凑数买的。张才尧已经80高寿，不容易。封面的广告语、封底的自述很有气势。汉语基本上需要反复思考以破解其本意，适合有一定德语基础者比对德语例句来理解。细碎，毋宁名之为“德语常用词例解”。此外，前后重复、表述不一，更需要阅读时集中精力。 
276,Carmina Burana von Carl Orff ,Entstehung - Wirkung - Text,2009/4/6,,
277,看不见的城堡,,2009/4/11,★★★,与http://www.douban.com/subject/2974327/一起阅读，倒是可以有所广闻 
278,海子诗全集,,2009/4/15,,
279,德语变体词典 ,,2009/4/17,★★★★★,
280,城管执法操作实务,,2009/4/25,★★★★★,P.62：第二，城管执法系统应该站在政治家与艺术家的高度来审视和看待这一貌似简单、实则复杂的社会现象，要小心对待这五部分人。本着不卑不亢、不冷不热、不紧不慢、不宽不严的原则处理，更要注意将刚柔两种截然不同的方式综合性地运用，以促使相对人产生琢磨不定的感觉。在对其造成种种错觉的基础上，达到不战而屈人之兵、从精神上彻底战胜相对人、从心理层面的感知上不断加压、以取得动摇相对人违法经营意志的目的。 
281,中德文学因缘 ,,2009/5/7,★★★,当当：21.60。缺乏基本考据校勘训练若干，诸如杨人F译《萝蔓罗兰》（}p_m）作《罗曼罗兰》；自以为是、妄论是非若干；手民之误若干，诸如“美茵河畔”误为“美国河畔”；1971年生人而不会使用电子检索…… 
282,德语语法强化教程 ,,2009/5/21,★★★,卓越32.30。不该自我吹嘘得那么“蝎虎”。基本属于德汉对比语法研究，许多细节浅尝辄止，有“扔一只靴子的嫌疑”。 
283,古琴艺术汉英双语小辞典 ,,2009/5/22,★★,卓越22.50。许多名词，还不如看高罗佩（Robert van Gulik）的《琴道》（The Lore Of The Chinese Lute）。尤其不明白“孔子”的英语已经约定俗成为“Confucius”，辞典中偏又要添加个不伦不类的“Kong Zi”:-( 
284,日欧比较文化 ,日本丛书,2009/6/3,★★★★,"“Bis dorthin waschen arme Leute sich nicht, das ist eine bekannte Tatsache”冯至译为“穷人们只洗到手腕为止，这是众所周知的事实。”但据（葡）弗洛伊斯（Frois Luis）著；（日）冈田章雄译注；范勇，张思齐译《日欧比较文化》（Kulturgegens?tze Europa-Japan，ヨ`ロッパ文化と日本文化，商务印书馆，1992年）第14页“49条”记述“我们欧洲人洗脸洗手时，只将袖子挽到手腕上边。”可知，冯至“手腕”云云，不妥 "
285,中国艺术的生命精神 ,,2009/6/23,★★★★★,替一位网友筛选人物是发现朱竟然进入了北大，且此书有了修订版。一位深受宗白华影响的人 
286,La Dame à la licorne ,,2009/6/28,★★★★,Alain Erlande-Brandenburg时任克吕尼博物馆馆长，书中披露了一些逸闻。图片虽大，可惜中间有装订线。 
287,Lexikon der Heraldik ,Von Apfelkreuz bis Zwillingsbalken,2009/6/28,★★★★★,从Google Books偷了403页，大致查了需要查的词，很解渴，可惜，仍不知道中文规范译名（日语的却知道），准备8月25日Malte的企鹅版英译本出版后一并买一本。
288,作者编辑常用标准及规范 ,,2009/7/16,★★★★★,
289,荷尔德林传 ,,2009/7/18,★,当当：19.90元。买完后发现试读了：http://read.dangdang.com/book_4449 
290,莎剧中称谓的翻译 ,,2009/7/19,★★★★★,
291,圣-琼・佩斯诗选,法国廿世纪文学丛书,2009/7/27,★★★,
292,现象学思潮在中国 ,,2009/8/3,★★★★★,
293,德语从句基础 ,,2009/8/3,★★★,孔夫子，搭配版本不详的《井上ポケト日华辞典》和“内部交流”的Wahrig词典1978年版，共人民币80元 
294,《道德经》在英语世界 ,文本行旅与世界想像,2009/8/8,★★★★★,丁巍《老学典籍考：二千五百年来世界老学文献总目》
295,洛夫歌全集(1~4) ,,2009/8/30,★★★,8月26日到货。台版专卖店：421.10元 
296,现代与后现代之间的文明批判 ,,2009/8/31,★★★★,当当：23.50。期待谢建文译Botho Strauss。事实上，手中Botho Strauss的文本有限，通过此书，可能对Botho Strauss开始失望了。 
297,保罗・策兰传 , 一个背负奥斯维辛寻找耶路撒冷的诗人,2009/9/1,★,当当：19.90。译文的低劣，果然不出所料。此外，译者的汉语也极其可悲。第三，写“代译序”的李斯都比译者李尼更懂策兰更擅长运用网络。 
298,Complete Poetry and Prose ,"A Bilingual Edition (The Other Voice in Early Modern Europe)
",2009/9/19,,
299,Rilke's Duino Elegies ,,2009/10/21,★★★★,十位专家，良莠不齐；十首哀歌，出处不详（疑为十人各自重新编译，但解析时与译文并不完全一致）。但此书终究是英语中理解《杜伊诺哀歌》的最好读物。Dasha迄今已经读过近二十种英译，亦多为欺世盗名之徒，相较之下，唯A. Poulin Jr.、C. F. MacIntyre和Stephen Mitchell尚可一读，且需相互参校。此外，尤为推荐Robert de Beaugrande教授30年两次英译的版本：http://www.beaugrande.com/POETRANS%20MAIN%20HEADER.htm，深感惋惜的是，Dasha于是乎想发email请益时，却google到Robert de Beaugrande教授已经仙去：http://anglistik.univie.ac.at/archives/death-of-professor-robert-de-beaugrande/ 
300,"Rilkes ""Sonette an Orpheus"", erster Teil ",Ein Interpretationsgang,2009/11/4,★★★★,20首之后开始略显仓促。对他人的研究没有足够的关注。
301,Rilkes Sonette an Orpheus ,"Interpretation, Kommentar, Glossar",2009/11/10,★★★★,但并不适合母语非德语的人理解Sonette an Orpheus 
302,"""?berstehn ist alles""",,2009/11/11,★★★,
303,秋籁居琴话 ,,2009/11/11,★★★★★,卓越：2X 
304,Das Marien-Leben ,,2009/11/13,★★★,
305,法国九人诗选 ,,2009/11/13,★★,
306,二晏~{注 ,,2009/11/19,★★★★★,卓越：2X 
307,Rilke and Russia ,"A Re-Evaluation (Studies in Modern German Literature, Vol 18)
",2009/11/26,★★★★★,
308,Beim Bau der chinesischen Mauer ,,2009/12/2,★★★★★,http://de.wikisource.org/wiki/Beim_Bau_der_Chinesischen_Mauer_(Sammelband) 
309,杜伊诺哀歌 ,,2009/12/2,★,
310,神奇秘谱乐诠,,2009/12/3,★★★★★,当当。青出于蓝，完胜乃父。惜，《酒狂》等，盖因其人本心无狂，而逊色。 
311,德汉印刷与包装工业词典 ,,2009/12/22,★★★★,
312,现代诗的再出发 , 中国四十年代现代主义诗潮新探,2009/12/22,★★★★,
313,"Tagebuch Westerwede, Paris. 1902, 2 Bde.",,2010/1/28,,
314,Rainer Maria Rilkes Deutung des Daseins. Eine Interpretation der Duineser Elegien. ,,2010/2/5,★★★★,"Hans-Georg Gadamer, Rainer Maria Rilkes Deutung des Daseins. Zu dem Buch von Romano Guardini (1955), GW Bd. 9. S. 271-281。Gadamer也偏见忒深，倒是其对文字的领悟，未必比Guardini高明。 "
315,Rainer Maria Rilkes Selbstwerdung in buddhistischer Sicht. Ein literatur- und religionswissenschaftlicher Beitrag zu einem neuen Rilke-Verst?ndnis ,,2010/3/18,★,
316,Rilkes R?tsel ,Eine neue Deutung der Neuen Gedichte,2010/4/13,★★★★★,"Ich habe Marlene Müller-Haas' deutsche ?bersetzung gelesen，Paul Claes' Interpretationen sind sehr wundersch?n und treffend! Schade, da? die Interpretationen nicht ganz “Neue Gedichte” enthalt. "
317,泰国史 ,,2010/4/25,,
318,追忆 ,荷尔德林诗选,2010/4/27,★,就冲林克将“Pathmos”依旧译成“帕特默斯”而非“拔摩岛”，就用林克的“帕特默斯”与戴晖的“帕特默斯”相比较，无论诗性还是准确度，林克都是失败者。 
319,梦中的塞巴斯蒂安 ,特拉克尔诗选,2010/4/27,★★★,这本还行 
320,Mit Rilke durch das alte Prag ,Ein historischer Spaziergang,2010/5/8,★★★★★,
321,Larenopfer ,,2010/5/8,★★★,难的不是语言（当然，要晓得一些捷克语），难的是地形（布拉格的一砖一石一花一草）。可惜太过意译。 
322,Die Weise von Liebe und Tod des Cornets Christoph Rilke. Text - Fassungen und Dokumente. ,,2010/5/12,★★★★★,第12、49页，wie误植为wir 
323,Rainer Maria Rilke und die Duse ,"Mit Rilkes ""Die weisse Furstin"" (Insel Taschenbuch)",2010/5/15,★★,里尔克的诗剧《白衣侯爵夫人》（Die weisse Fürstin）也写得够垃圾:-( 
324,三十年战争史,,2010/6/1,★,译名极其混乱，甚至“华伦斯坦”都一会儿“瓦伦斯泰”一会儿“瓦伦斯坦”，也不知道丁建弘是怎么校订的；汉语极其不“人话”，Dasha不过因为手里只有Google上的Fraktur字体图片版，因扫描原因辨认吃力才据此书找关键段落，但还是实在看不下去汉语。 
325,Gedichte von Rainer Maria Rilke. Interpretationen,,2010/6/6,★,
326,Rainer Maria Rilkes Der neuen Gedichte anderer Teil ,Entwicklungsstufen seiner Pariser Lyrik,2010/6/27,★★★★,2010年6月27日16时39分5秒，还有Hans Berendt一种
327,Rainer Maria Rilkes 'Neue Gedichte' ,Vielf?ltigkeit eines Gedichttypus,2010/6/27,★★★,2010年6月27日16时39分5秒 
328,里尔克集 ,,2010/6/30,,
329,演春与种梨 ,柏桦诗文集：1979-2009,2010/7/4,★★★★,诗歌5星；诗论3星 
330,Briefe an die Mutter ,2 B?nde,2010/8/6,★★★★,2009年12月31日收到拖了两年多才得以出版的书，感谢Barbara Maag大大姐；2011年7月15日：1896年以前的书信未被收录，缺失了若干里尔克早期诗作的重要版本 
331,Visions of Christ ,A Posthumous Cycle of Poems,2010/8/14,★,
332,俄罗斯东正教绘画,,2010/9/4,★,与道教绘画比较就显得比较扯了；《圣经》引语自创机纾地翻译，《圣经》典故依据廖诗忠《圣经故事》，则更显得荒谬；东正教的术语不采用汉语东正教的，Dasha已经不知该怎么评论了 
333,张枣的诗 ,,2010/9/5,★★★,外语文字错误，汉语文字错误，编者注也错误，除了错误还是错误。张枣，除了“梅花便落满了南山”，诗作多平庸；而如果看其他处他的德文汉译，则更加不敢恭维他的德语和汉语。如果他能因死亡而走红，无论文字还是故事，只能远比海子逊色。 
334,保罗・策兰诗选 ,,2010/9/30,★★★,铭谢家炜赠书。
335,Sieh dir die Liebenden an ,Briefe an Valery von David-Rhonfeld,2010/10/15,★★★,是书印刷（或校勘）错误甚多:-(，而许多在此第一次出版的诗歌，让Dasha无所适从了。2010年10月15日20时32分19秒终于读完，累死了。 
336,Gedichte an die Nacht (Insel Bücherei) ,,2010/10/22,★★★★★,可惜35页手稿只影印了7页 
337,Rilke ,Ges. Erinnerungen 1926-1956,2010/10/22,,
338,Freunde im Gesprach ,Briefe und Dokumente,2010/10/22,,
339,新德汉词典 ,,2011/3/18,★,连一个“not”都不如”修订版“(S.840)、不如Duden解释得明白（竟然能将“tun”漏掉）(S.960)，所以，从此刻起，不再使用这”第三版“。 
340,德语文学辞典 ,作家与作品,2011/3/20,★★★,很低阶的读物，哪怕每位作家后附主要作品列表也好啊。只能作为简单了解大陆德语界通用译名的手册，实在不值得购买 
341,新德汉词典,,2011/3/22,★★★★★,在“淘宝”的“网上地坛书市”112元原价买了2本 
342,给一个青年诗人的十封信 ,,2011/3/31,★,冯至译对的，被张帆每每改错；冯至译错的，张帆同学照错不误。原文的图片电子版网上附拾皆是，因此，此书只配称为垃圾。 
343,德语核心表达法活用手册 ,,2011/4/4,★★,当当：15.00。总的思路是好的，但是，逻辑混乱，前后重复，乃至同一个单词在同一个例句中出现了不同的词性；此外，词组罗列不规范，且汉语有错误。因此，如不据词典重新修正，无疑是一副极具杀伤力的毒药。 
344,德语基础词汇详解,,2011/4/7,★,看到第49页“【注意】fühlen只能用作反身动词”时，Dasha终于被雷得外焦里嫩啦。一时间，Dasha恍若汉堂《鬼马小英雄》里的骷髅兵，头上6个小问号摇荡不息，而且，似乎还要再加上个类似醉酒（或“被麻翻”）的螺旋线，眼前还要有星星若干，还要有肠胃剧烈蠕动后口角上挂着的涎水，鼻孔处还要有看完A片后淋漓不止的红色液体…… 
345,德语备考词汇精解800例,,2011/4/8,★★★★★,书中的“记忆提示”，益处多多。 
346,德语语法和翻译一点通 ,,2011/4/9,★★★★★,20100409，卓越：20.30，搭配着《德语介词ABC》顺手买的。作者的名字很吓人。不过，书中的词语辨析很给人启迪，应该是作者的血泪经验。 
347,Rainer Maria Rilke - Poems 1906 To 1926 ,,2011/6/6,★,鄙视见过里尔克的J. B. Leishman： 　　里尔克原文：Der kleine Vogel selbst / thut Zwang an uns aus seinem reinen Laubwerk 　　他的译文：The small bird / at its work 
348,奥地利现代文学研究,,2011/6/14,,
349,新刻C像批u金瓶梅（校本．修版）全二,,2011/6/23,,感谢劭农兄亲自扫描并赠送电子版 
350,肉蒲F ,思o邪R［拾伍］,2011/6/23,,感谢劭农兄亲自扫描并赠送电子版 
351,希腊罗马神话,,2011/6/29,★★★★★,购买此书，完全是因为http://book.douban.com/subject/3145378/，豆瓣上的书影也是Dasha刚刚扫描的，那本书已经翻烂了，也就是说，目前被Dasha翻烂的书，除了3本“新德汉”，就是这本了。岳麓此版完全尊重旧版的版式与插图，很令Dasha满意，可以说打消了部分对当年其“洁本”古代名著的反胃。杨坚的译笔，很值得玩味。 
352,希腊罗马神话 ,,2011/6/29,★★★★★,
353,Dream-Crowned ,,2011/7/12,,
354,犹太教小辞典 ,,2011/7/21,★,
355,Rainer Maria Rilkes Christus-Visionen ,Poetische Bedeutungen und christopoetische Perspektiven,2011/7/22,★★★★★,妈妈呀，11首并不太长的诗（SW中占42页），竟然研究出584页。精准的分析与素材搜集，值得赞叹；对前人研究的不轻信不盲从，值得学习。 
356,学术训练与学术规范 ,中国古代史研究入门,2011/7/24,★★★★★,
357,"Der Tod in der Dichtung ""Die Weise von Liebe und Tod des Cornets Christoph Rilke"" von Rainer Maria Rilke ",,2011/7/26,★,高价的垃圾 
358,Lay of the Love and Death of Cornet Christopher Rilke ,,2011/7/27,★★★★★,Mary Dows Herter Norton (M. D. Herter Norton)，直译了大量Rilke，对校读德语原文很有助益，对译者而言，这种直译在读不懂的地方就无处藏身了。因此更钦佩M. D. Herter Norton夫人。2011年7月26日16时16分收到；27日4时16分6秒阅读完毕。偶有错译，但通透流畅。后来的G. Craig Houston英译本犹在参考她的译本。 
359,德语词汇学概论 ,德语词汇学概论,2011/8/12,★★★★★,难得的好书
360,Fenster-Geschichten ,Die Bedeutung des Fensters bie Rilke und ausgew?hlten anderen Autoren,2011/8/12,★★★,Ji-Ming Tang（唐继明？）http://books.google.com/books?id=tzw59lkzUAoC，很有趣味的一篇毕业论文，2011年7月25日，竟然找到PDF：http://www.uni-kassel.de/upress/online/frei/978-3-89958-748-7.volltext.frei.pdf 
361,里尔克读本 ,,2011/8/16,★,又一本浪费木材的垃圾，内中主要是绿原的译文；至少两处手稿图片的说明文图不符。 
362,德累斯顿绘画陈列馆 ,,2011/9/1,,
363,埃及地图册 ,,2011/9/15,,77页的“El Bardrshen”，google上一个也没有，倒是满世界是“El Badrasheen” 
364,"Ha?zellen, stark im gr??ten Liebeskreise... Faksimile der Handschrift. Mit unver?ffentlichten Briefen ",Marbacher Schriften ; 28,2011/9/21,★★★,优点就是因为有手稿影印件，缺点也是因为有手稿影印件，编者Joachim W. Storck整理的铅字稿于手稿并不吻合（亦非对手稿的校订），所以给三星吧。 
365,Rilke-Kommentar zum lyrischen Werk (German Edition) ,,2011/9/28,★★★,
366,俄语基础语法通解（全一册） ,,2011/10/1,★★★★★,
367,马尔特手记 ,,2011/10/3,★,“马奈”（Manet）还是错译成了“莫奈”（Monet），还是“就像狼”（295页） 
368,抒情诗的呼吸 ,一九二六年书信,2011/10/3,★,
369,里尔克与罗丹 ,,2011/10/6,★★★★,刘志侠先生新作。京东送货还是让人满意的，39.90元 
370,Rilkes Frauen oder die Erfindung der Liebe ,,2011/10/9,★★★,八卦圈里的八卦人写的八卦书，Ruth在72岁时与丈夫一起自杀殉情，跟里尔克有屁关系 
371,基督宗教外ZhZ神W~Z【 ,"A Foreign Languages-Chinese Christian Theological Lexicon of Terms and Persons
",2011/10/18,★★★,与卢龙光的（http://book.douban.com/subject/3054259/）相比，释义稍精准，收词量则相差太多，比如Ordo Fratrum Minorum Capucinorum、Ordo Sanctae Ursulae、Ordo Cartusiensis……均不记载，而众多圣徒的圣字，也不存在，倒是有大量神学家的名讳 
372,Balor with the Evil Eye ,Studies in Celtic and French Literature,2011/10/20,★★★,阅读地址：http://catalog.hathitrust.org/Record/001440025；登录后下载地址：https://babel.hathitrust.org/cgi/imgsrv/download?id=mdp.39015005669091;orient=0;size=100 
373,Mose ,Geschichte und Legende,2011/10/20,,
374,里尔克精选集 ,,2011/10/29,★,怪不得出版近一年Dasha都不知道：选择无尺度，版式极恶劣（眼瞅着要出血），内容重复燕山版同名书（http://book.douban.com/subject/1440630/）的诗歌部分。定价13.80元，于近1年后（2011年10月29日）以3.80元的价格从当当购买，以为存目。 
375,眼与耳的盛宴 ,,2011/10/30,★★★,语言依旧华美、肉身依旧沉重、思想依旧轻浮。大可如果再不潜心读书，真的只是一个“聒噪者”而已 
376,Les Quatrains valaisans ,,2011/11/1,★★★★★,
377,Die Bilder entlang ,,2011/11/1,★,"偷到了http://catalog.hathitrust.org/Record/008376425，这本官价19.94EURO、如今二手卖到49,00EURO的书，应该没有买的意义了。此书图片不完整，一些资料牵强 "
378,德语数字百事通 ,,2011/11/6,★★★,错字太多，内容太少 
379,杜登德语语法 ,"原作名: Der kleine Duden, 6 Bde., Bd.4, Deutsche Grammatik",2011/11/7,★★★,Der kleine Duden-Deutsche Grammatik=【小】杜登德语语法 
380,唐诗排行榜 ,,2011/11/12,★,少数服从多数，是政治原则，不适合应用在文艺批评上；黄段子会更受欢迎，但并不能证明更具有艺术性 
381,Das gesamte lyrische Werk ,Mit dem Briefverkehr mit Rainer Maria Rilke,2011/11/13,,
382,"Rilke, Modernism and Poetic Tradition (Cambridge Studies in German) ",,2011/11/20,★★★,像是一本教科书，重复了一下德国人的研究成果而已，英语译文也有些捉襟见肘。下载http://ifile.it/j0qg5p，等待勘验http://book.douban.com/subject/6831099/ 
383,恶之花 ,彩印插图全译注释本,2011/12/4,,竟然看到何家炜的名字 
384,现代都市感知方案――论里尔克的《马尔特手记》和德布林的《柏林，亚历山大广场》,,2012/1/2,,2011年12月26日收到赠书（邮戳日期24日） 
385,"Rilke-Kommentar zu den ""Aufzeichnungen des Malte Laurids Brigge"", zur erzahlerischen Prosa, zu den essayistischen Schriften und zum dramatischen Werk (German Edition) ",,2012/1/22,★★★,
386,骑士制度 ,,2012/2/2,,
387,幽暗的诱惑,品达、晦涩与古典传统,2012/2/6,★,
388,格林童话在中国 ,,2012/2/7,,思路、角度均好，结论平庸而乡愿 
389,东正教圣像史 ,,2012/2/21,★★★★★,虽微瑕频现，却是十数年来少有的、Dasha买来而不后悔的当代人汉语著作。 
390,波德莱尔 ,,2012/2/28,★★★★,何家炜 
391,我想对你说，亲爱的 ,里尔克与莎乐美书信选,2012/2/28,,平心而论，翻译书信集是极其费力的事，既要熟知发、收信者的生平，又要了解一封信件的当时背景，而且还要通晓信中涉及的种种内容。这本书既无前言有无后记，所据底本无从知晓，但根据人名的音译习惯与二人的背景，应该译自德语。低俗的书名、各种小标题，应该是他们后加的。译文质量中庸，错译得不太远：不知道“in einem”的真正意思等于“in einem Zuge”，将“Prosa”不假思索地译成“诗文”（实际意为“Alltag”）；对译得也不太近，无甚可圈点赞誉之处，但尚有阅读价值。不过，封二“同居”（大概是zusammenleben）这个词实在是给Dasha吓到了。
392,Great Stories by Kafka and Rilke/Meistererzahlungen von Kafka und Rilke , A Dual-Language Book,2012/3/6,★★,2012年3月6日，卓越：82.00元人民币。先在Google Books上偷了Cornet的图片，买这本书，不过是版本搜集癖。Dover这个出版社，什么都出啊。这个译本，译者的英语水平实在不敢认同。 
393,Die Aufzeichnungen des Malte Laurids Brigge ,,2012/3/10,★★★★★,
394,马克思列宁主义哲学词典 ,"原作名: W?rterbuch der Marxistisch-Lenin-istischen philosophie
作者: Alfred Kosing ",2012/3/21,,
395,汉语中的马克思主义术语的起源与作用,,2012/3/21,,
396,德语一词多义的认知研究 ,德汉多义词认知学习词典中的意义构建,2012/4/17,,"wenn man sie früh schreibt. Man sollte warten damit und Sinn und Sü?igkeit sammeln ein ganzes Leben lang und ein langes wom?glich, und dann, ganz zum Schlu?, vielleicht k?nnte man dann zehn Zeilen schreiben, die gut sind. 思路很好，功底很差。期待他的词典，但不期待他太早地完成他的词典。"
397,荷尔德林诗新编 ,,2012/4/27,★,好个“在秀色可餐的蓝天下”啊，真真，是之谓“口大欺天”。 
398,Die Weise von Liebe und Tod des Cornets Christoph Rilke ,Vorzugsausgabe,2012/5/2,,感谢文彬兄弟
399,孤独的大多数 ,,2012/5/6,,分不清“幸临”和“临幸”、“天籁”和“天空”……大可对语言不再敏感了……刀老了 
400,黑塞之中国 ,,2012/5/8,,
401,Young Rilke and His Time ,,2012/5/21,★,犹豫数年，终于决心购买了纸本。Schoolfield的研究，就是德语世界，迄今亦无出其右者。当然，误译之处犹在，将“von”读成“vor”式的情况犹不在少数。而且，第238页，竟然能脱漏两行德文，编校质量真的不敢恭维。 
402,张枣随笔选,,2012/6/7,★,在诗人的光环下胡来。这是一个江淹的时代，许多人，四十岁一过，便把彩笔还给了神灵。罗大佑、周星驰、朱大可……名字如过江之鲫。 
403,艺术家画像 ,,2012/7/1,,完全是花城出版社1999年版（http://book.douban.com/subject/1048288/）的再版，只是觉得，张黎好像不读汉语的美术类书籍 
404,Hans Thoma. Spiegelbilder ,,2012/7/3,,
405,德语语法讲座与测试 ,,2012/7/3,★★★★,
406,Rilke - Ein europ?ischer Dichter aus Prag. ,,2012/7/14,,论文集，水平参差不齐：美国教授一个比一个差，意大利、捷克教授一个比一个好 
407,与友人谈里尔克 ,,2012/7/23,,感谢杜晗赠书 
408,"Geschichte zweier Leben Wladimir Rosenbaum, Aline Valangin ",,2012/7/25,,Liang Tsong Tai 
409,W?rterbuch zu Friedrich H?lderlin ,W?rterbuch zu Friedrich H?lderlin I: Tl I,2012/8/6,★★★★★,
410,W?rterbuch zu Friedrich H?lderlin ,W?rterbuch zu Friedrich H?lderlin II. Hyperion: Tl 2,2012/8/9,★★★★★,
411,左传交际称谓研究 ,,2012/10/1,★★★★★,
412,Poetologie elegischen Sprechens ,"Das lyrische Ich und der Engel in Rilkes ""Duineser Elegien""",2012/10/28,,
413,Rilke's Connections to Nietzsche ,,2012/11/19,★,
414,永远的布拉格 ,欧洲历史文化名城保护浅析,2012/11/24,★,天津市规划局欧洲公款旅游摄影集。昂贵的图书定价估计是为了捞回一些血本 